<?xml version="1.0" encoding="UTF-8" ?>
<!DOCTYPE mapper PUBLIC "-//mybatis.org//DTD Mapper 3.0//EN" "http://mybatis.org/dtd/mybatis-3-mapper.dtd" >
<mapper namespace="com.tanxin.manage_course.dao.TeachplanMapper">
    <resultMap id="teachplanMap" type="com.tanxin.framework.domain.course.ext.TeachplanNode">
        <id column="one_id" property="id"></id>
        <result column="one_pname" property="pname"></result>
        <collection property="children" ofType="com.tanxin.framework.domain.course.ext.TeachplanNode">
            <id column="two_id" property="id"></id>
            <result column="two_pname" property="pname"></result>
            <collection property="children" ofType="com.tanxin.framework.domain.course.ext.TeachplanNode">
                <id column="three_id" property="id"></id>
                <result column="three_pname" property="pname"></result>
            </collection>
        </collection>
    </resultMap>
    <select id="selectList" parameterType="java.lang.String"
            resultMap="teachplanMap">
        SELECT
            a.id one_id,
            a.pname one_pname,
            b.id two_id,
            b.pname two_pname,
            c.id three_id,
            c.pname three_pname
        FROM
            teachplan a
        LEFT JOIN teachplan b ON a.id = b.parentid
        LEFT JOIN teachplan c ON b.id = c.parentid
        WHERE
            a.parentid = '0'
        <if test="_parameter != null and _parameter != ''">
            AND a.courseid = #{courseId}
        </if>
        ORDER BY
            a.orderby,
            b.orderby,
            c.orderby
    </select>
</mapper>